<?xml version="1.0" encoding="utf-8"?>
<config version="5.11" xmlns="http://www.ericsson.com/stn/5.11">
  <STN instanceId="0">
    <CPU_Load>45</CPU_Load>
    <DSCP_OM_FileTransfer>0</DSCP_OM_FileTransfer>
    <DSCP_OperationAndMaintenance>0</DSCP_OperationAndMaintenance>
    <STN_Name>Kista</STN_Name>
    <STN_PGW_KeepalivePeriod>1</STN_PGW_KeepalivePeriod>
    <STN_PGW_L2TP_InitialRetransmissionPeriod>1</STN_PGW_L2TP_InitialRetransmissionPeriod>
    <STN_PGW_L2TP_MaxTransmissions>5</STN_PGW_L2TP_MaxTransmissions>
    <STN_PGW_L2TP_RetransmissionCap>4</STN_PGW_L2TP_RetransmissionCap>
    <STN_systemClockUDP_Port>123</STN_systemClockUDP_Port>
    <SW_BackupProductNumber>123BBB</SW_BackupProductNumber>
    <SW_BackupProductRevision>11B</SW_BackupProductRevision>
    <SW_PrimaryProductNumber>123AAAA</SW_PrimaryProductNumber>
    <SW_PrimaryProductRevision>11A</SW_PrimaryProductRevision>
    <alarmSupervisionActive>true</alarmSupervisionActive>
    <contactWithFileServer>true</contactWithFileServer>
    <depIP_Interface></depIP_Interface>
    <operationalState>disabled</operationalState>
    <restartReason>powerOn</restartReason>
    <systemClockTimeServer>0.0.0.0</systemClockTimeServer>
    <wakeUpRegistration>0.0.0.0</wakeUpRegistration>
    <wakeUpEventInterval>1</wakeUpEventInterval>
    <Equipment instanceId="0">
      <manufacturingDate>20061224</manufacturingDate>
      <productNumber>987655</productNumber>
      <productRevision>090</productRevision>
      <serialNumber>2345667</serialNumber>
    </Equipment>
    <Synchronization instanceId="0">
      <DSCP_Synchronization>0</DSCP_Synchronization>
      <TS_STN_SynchStatus>notSynchronized</TS_STN_SynchStatus>
      <TS_UsedTimeServer></TS_UsedTimeServer>
      <calibrationExpireDate>20100101</calibrationExpireDate>
      <depIP_Interface></depIP_Interface>
      <synchType>none</synchType>
    </Synchronization>
    <MeasurementDefinition instanceId="0">
      <filePrefix>STN</filePrefix>
      <granularityPeriod>15</granularityPeriod>
      <measurementActive>false</measurementActive>
      <neIndex>0</neIndex>
      <reportPeriod>15</reportPeriod>
    </MeasurementDefinition>
  </STN>
</config>
